{
  "greeting": {
    "precision": 0.5,
    "recall": 0.6666666666666666,
    "f1-score": 0.5714285714285715,
    "support": 3,
    "confused_with": {}
  },
  "goodbyes": {
    "precision": 0.0,
    "recall": 0.0,
    "f1-score": 0.0,
    "support": 2,
    "confused_with": {}
  },
  "name": {
    "precision": 0.0,
    "recall": 0.0,
    "f1-score": 0.0,
    "support": 1,
    "confused_with": {}
  },
  "sad": {
    "precision": 0.0,
    "recall": 0.0,
    "f1-score": 0.0,
    "support": 2,
    "confused_with": {}
  },
  "agree": {
    "precision": 0.0,
    "recall": 0.0,
    "f1-score": 0.0,
    "support": 3,
    "confused_with": {}
  },
  "micro avg": {
    "precision": 0.18181818181818182,
    "recall": 0.18181818181818182,
    "f1-score": 0.18181818181818182,
    "support": 11
  },
  "macro avg": {
    "precision": 0.1,
    "recall": 0.13333333333333333,
    "f1-score": 0.1142857142857143,
    "support": 11
  },
  "weighted avg": {
    "precision": 0.13636363636363635,
    "recall": 0.18181818181818182,
    "f1-score": 0.15584415584415587,
    "support": 11
  }
}